{
  "epoch": "2020-06-27T21:08:03.0212 TDB",
  "cameras": [
    {
      "name": "A",
      "width": 3280,
      "height": 2464,
      "fov_horizontal": 1.085594794740473,
      "fov_vertical": 0.8517206749732328,
      "gnomonic_scale": 2716.3284452400776,
      "stereographic_scale": 2896.947059681025,
      "q_body2cam": [
        0.6123724356957946,
        -0.35355339059327373,
        -0.3535533905932737,
        -0.6123724356957945
      ]
    },
    {
      "name": "B",
      "width": 3280,
      "height": 2464,
      "fov_horizontal": 1.085594794740473,
      "fov_vertical": 0.8517206749732328,
      "gnomonic_scale": 2716.3284452400776,
      "stereographic_scale": 2896.947059681025,
      "q_body2cam": [
        0.6123724356957946,
        0.35355339059327373,
        0.3535533905932737,
        -0.6123724356957945
      ]
    },
    {
      "name": "C",
      "width": 3280,
      "height": 2464,
      "fov_horizontal": 1.085594794740473,
      "fov_vertical": 0.8517206749732328,
      "gnomonic_scale": 2716.3284452400776,
      "stereographic_scale": 2896.947059681025,
      "q_body2cam": [
        -0.4461978131098088,
        0.0,
        0.0,
        0.894934361602025
      ]
    }
  ]
}
